"node","police","name","operator","2","24/7","city","street","[(12.98780,12.9872)]"
"way","library","name","operator","8","Mo-Su 09:00-13:00,14:00-20:00","Chennai","SomeStreet","[(12.9768392,80.2205039),(12.9778272,80.2199621),(12.9778594,80.2201928),(12.9772730,80.2198200),(12.9767477,80.2199567),(12.9778167,80.2197931),(12.9771982,80.2197744),(12.9779222,80.2201847),(12.9779291,80.2199567),(12.9778533,80.2204690)]"

